<keymap version="1" name="XWin copy" parent="Default for XWin">
  <action id="$LRU">
    <keyboard-shortcut first-keystroke="shift ctrl alt o" />
  </action>
  <action id="ActivateTerminalToolWindow">
    <keyboard-shortcut first-keystroke="alt f12" />
    <keyboard-shortcut first-keystroke="ctrl back_quote" />
  </action>
  <action id="ChangesView.ShelveSilently" />
  <action id="ChangesView.ToggleCommitUi" />
  <action id="CheckinProject" />
  <action id="CloseAllEditorsButActive">
    <keyboard-shortcut first-keystroke="ctrl alt period" />
  </action>
  <action id="CloseContent">
    <keyboard-shortcut first-keystroke="ctrl f4" />
    <keyboard-shortcut first-keystroke="alt period" />
  </action>
  <action id="Diff.ApplyLeftSide" />
  <action id="Diff.ApplyRightSide" />
  <action id="Diff.NextChange" />
  <action id="Diff.PrevChange" />
  <action id="Editor LRU">
    <keyboard-shortcut first-keystroke="shift ctrl alt o" />
  </action>
  <action id="EditorNextWordInDifferentHumpsModeWithSelection">
    <keyboard-shortcut first-keystroke="shift ctrl right" />
  </action>
  <action id="EditorNextWordWithSelection" />
  <action id="EditorPreviousWordInDifferentHumpsModeWithSelection">
    <keyboard-shortcut first-keystroke="shift ctrl left" />
  </action>
  <action id="EditorPreviousWordWithSelection" />
  <action id="ExpandAllToLevel1">
    <keyboard-shortcut first-keystroke="shift ctrl multiply" second-keystroke="1" />
    <keyboard-shortcut first-keystroke="shift ctrl multiply" second-keystroke="numpad1" />
    <keyboard-shortcut first-keystroke="shift alt 1" />
  </action>
  <action id="ExpandAllToLevel2">
    <keyboard-shortcut first-keystroke="shift ctrl multiply" second-keystroke="2" />
    <keyboard-shortcut first-keystroke="shift ctrl multiply" second-keystroke="numpad2" />
    <keyboard-shortcut first-keystroke="shift alt 2" />
  </action>
  <action id="ExpandAllToLevel3">
    <keyboard-shortcut first-keystroke="shift ctrl multiply" second-keystroke="3" />
    <keyboard-shortcut first-keystroke="shift ctrl multiply" second-keystroke="numpad3" />
    <keyboard-shortcut first-keystroke="shift alt 3" />
  </action>
  <action id="ExpandAllToLevel4">
    <keyboard-shortcut first-keystroke="shift ctrl multiply" second-keystroke="4" />
    <keyboard-shortcut first-keystroke="shift ctrl multiply" second-keystroke="numpad4" />
    <keyboard-shortcut first-keystroke="shift alt 4" />
  </action>
  <action id="ExpandAllToLevel5">
    <keyboard-shortcut first-keystroke="shift ctrl multiply" second-keystroke="5" />
    <keyboard-shortcut first-keystroke="shift ctrl multiply" second-keystroke="numpad5" />
    <keyboard-shortcut first-keystroke="shift alt 5" />
  </action>
  <action id="ExternalSystem.ProjectRefreshAction" />
  <action id="FileChooser.NewFolder">
    <keyboard-shortcut first-keystroke="alt insert" />
  </action>
  <action id="FindNext">
    <keyboard-shortcut first-keystroke="f3" />
  </action>
  <action id="FindPrevious">
    <keyboard-shortcut first-keystroke="shift f3" />
  </action>
  <action id="Git.Show.Stash">
    <keyboard-shortcut first-keystroke="ctrl alt g" />
  </action>
  <action id="GotoClass" />
  <action id="GotoCustomRegion" />
  <action id="InsertLiveTemplate" />
  <action id="MethodHierarchy" />
  <action id="MethodHierarchy.BaseOnThisMethod" />
  <action id="MoveElementLeft" />
  <action id="MoveElementRight" />
  <action id="NextEditorTab" />
  <action id="NextSplitter">
    <keyboard-shortcut first-keystroke="shift ctrl l" />
  </action>
  <action id="OpenFile">
    <keyboard-shortcut first-keystroke="shift ctrl o" />
  </action>
  <action id="OpenInRightSplit">
    <keyboard-shortcut first-keystroke="ctrl semicolon" />
  </action>
  <action id="PrevSplitter">
    <keyboard-shortcut first-keystroke="shift ctrl h" />
  </action>
  <action id="PreviousEditorTab" />
  <action id="PreviousTab">
    <keyboard-shortcut first-keystroke="alt left" />
    <keyboard-shortcut first-keystroke="alt h" />
  </action>
  <action id="QuickChangeScheme" />
  <action id="ReformatCode">
    <keyboard-shortcut first-keystroke="alt l" />
  </action>
  <action id="ReopenClosedTab">
    <keyboard-shortcut first-keystroke="alt t" />
  </action>
  <action id="ResizeToolWindowLeft">
    <keyboard-shortcut first-keystroke="alt left" />
  </action>
  <action id="ResizeToolWindowRight">
    <keyboard-shortcut first-keystroke="alt right" />
  </action>
  <action id="ShowErrorDescription">
    <keyboard-shortcut first-keystroke="ctrl f1" />
    <keyboard-shortcut first-keystroke="ctrl k" />
  </action>
  <action id="SplitVertically">
    <keyboard-shortcut first-keystroke="shift ctrl semicolon" />
  </action>
  <action id="Synchronize">
    <keyboard-shortcut first-keystroke="ctrl alt y" />
    <keyboard-shortcut first-keystroke="ctrl comma" />
  </action>
  <action id="TableResult.SelectNextOccurrence" />
  <action id="Terminal.ClearBuffer" />
  <action id="TypeHierarchy" />
  <action id="TypeHierarchyBase.BaseOnThisType" />
  <action id="Vcs.Log.FocusTextFilter" />
  <action id="Vcs.ReformatCommitMessage" />
  <action id="com.mnw.tabmover.actions.MoveTabDownAction">
    <keyboard-shortcut first-keystroke="shift alt right" />
  </action>
  <action id="com.mnw.tabmover.actions.MoveTabToPreviousSplitter">
    <keyboard-shortcut first-keystroke="shift alt h" />
  </action>
  <action id="com.mnw.tabmover.actions.MoveTabUpAction">
    <keyboard-shortcut first-keystroke="shift alt left" />
  </action>
  <action id="context.load" />
</keymap>